{
  "n_samples": 97,
  "target_column": "target_contrast_log",
  "target_transform": "log1p(contrast_normalized)",
  "statistics_log": {
    "mean": 1.5114687348502427,
    "std": 0.9352583998744618,
    "min": 0.3220834991691133,
    "max": 4.51085950651685,
    "median": 1.33500106673234
  },
  "statistics_raw": {
    "mean": 7.342268041237113,
    "std": 14.443758059651195,
    "min": 0.38,
    "max": 90.0,
    "median": 2.8
  },
  "version": "v1.3.1"
}