{
  "version": "v1.3.2",
  "description": "Measured systems metadata for v1.3.2",
  "n_measured": 178,
  "measurement_stats": {
    "contrast_mean": 9.093370786516854,
    "contrast_std": 14.813544035060948,
    "temperature_mean": 302.0449438202247,
    "ph_mean": 7.4
  },
  "sources": {
    "metabolic_preseed": 6,
    "geci_db_preseed": 6,
    "neurotransmitter_preseed": 6,
    "Literature_v2.2": 5,
    "voltage_preseed": 3,
    "pmc_fulltext": 2
  },
  "years": {
    "2021.0": 23,
    "2023.0": 18,
    "2020.0": 11,
    "2022.0": 11,
    "2016.0": 10,
    "2024.0": 5,
    "2006.0": 4,
    "2017.0": 4,
    "2018.0": 3,
    "2012.0": 3,
    "2019.0": 3,
    "2013.0": 3,
    "2011.0": 3,
    "2008.0": 3,
    "2004.0": 2,
    "2014.0": 1,
    "2010.0": 1,
    "2003.0": 1,
    "2009.0": 1,
    "2001.0": 1,
    "2002.0": 1,
    "2015.0": 1
  }
}