{
  "r2": -0.18031132289321805,
  "mae": 8.490189850602476,
  "baseline_mae_mean": 11.20515714256465,
  "baseline_mae_median": 8.640995475113122,
  "delta_mae_percent": 24.22962264089023,
  "coverage_90_percent": 0.9004524886877828,
  "ece_abs_error": 0.0004524886877828038
}