{
  "r2": -0.21869758046044985,
  "mae": 8.768514272981568,
  "baseline_mae_mean": 11.20515714256465,
  "baseline_mae_median": 8.640995475113122,
  "delta_mae_percent": 21.74572688790851,
  "coverage_90_percent": 0.9004524886877828,
  "ece_abs_error": 0.0004524886877828038
}