{
  "r2": -0.1776841435046388,
  "mae": 8.580742028590292,
  "baseline_mae_mean": 11.20515714256465,
  "baseline_mae_median": 8.640995475113122,
  "delta_mae_percent": 23.4214931623322,
  "coverage_90_percent": 90.04524886877829,
  "ece_abs_error": 0.0004524886877828038
}