{
  "r2": -0.19888036037476708,
  "mae": 8.788902474224672,
  "baseline_mae_mean": 11.20515714256465,
  "baseline_mae_median": 8.640995475113122,
  "delta_mae_percent": 21.56377315907006,
  "coverage_90_percent": 0.9004524886877828,
  "ece_abs_error": 0.0004524886877828038
}