{
  "r2": -0.18826158078201183,
  "mae": 8.67426606872026,
  "baseline_mae_mean": 11.20515714256465,
  "baseline_mae_median": 8.640995475113122,
  "delta_mae_percent": 22.586841412784644,
  "coverage_90_percent": 0.9004524886877828,
  "ece_abs_error": 0.0004524886877828038
}