{
  "r2": 0.9685308165599005,
  "mae": 1.7174887435126507,
  "baseline_mae_mean": 11.20515714256465,
  "baseline_mae_median": 8.640995475113122,
  "delta_mae_percent": 84.67233683864652,
  "ece_50": 0.02488687782805432,
  "ece_80": 0.26606334841628965,
  "ece_90": 0.35701357466063355,
  "coverage_50": 0.5248868778280543,
  "coverage_80": 0.5339366515837104,
  "coverage_90": 0.5429864253393665
}