{
  "r2": -0.16787018313991764,
  "mae": 8.480864506834292,
  "baseline_mae_mean": 11.20515714256465,
  "baseline_mae_median": 8.640995475113122,
  "delta_mae_percent": 24.31284631771633,
  "ece_50": 0.22850678733031676,
  "ece_80": 0.03981900452488696,
  "ece_90": 0.1262443438914027,
  "coverage_50": 0.27149321266968324,
  "coverage_80": 0.7601809954751131,
  "coverage_90": 0.7737556561085973
}