{
  "r2": -0.20753945200302026,
  "mae": 8.78427228821098,
  "baseline_mae_mean": 11.20515714256465,
  "baseline_mae_median": 8.640995475113122,
  "delta_mae_percent": 21.60509507856464,
  "ece_50": 0.3190045248868778,
  "ece_80": 0.05791855203619911,
  "ece_90": 0.1262443438914027,
  "coverage_50": 0.18099547511312217,
  "coverage_80": 0.7420814479638009,
  "coverage_90": 0.7737556561085973
}