{
  "r2": -0.22771268439890235,
  "mae": 9.107365325236048,
  "baseline_mae_mean": 11.20515714256465,
  "baseline_mae_median": 8.640995475113122,
  "delta_mae_percent": 18.721663521877723,
  "coverage_90_percent": 0.9004524886877828,
  "ece_abs_error": 0.0004524886877828038
}