{
  "model_type": "RandomForest",
  "n_estimators": 100,
  "max_depth": 10,
  "seed": 42,
  "train_size": 160,
  "test_size": 40,
  "train_mae": 3.0975105867249573,
  "test_mae": 4.648264916662891,
  "train_rmse": 5.009842571679732,
  "test_rmse": 7.6046364121695,
  "train_r2": 0.62721258699228,
  "test_r2": 0.17345215159350424,
  "cv_mae_mean": 4.78728590870719,
  "cv_mae_std": 0.42421483485169753,
  "feature_importance": {
    "temperature": 0.3962852803694371,
    "method_odmr": 0.0237253182087839,
    "method_esr": 0.06374660184043704,
    "method_nmr": 0.0,
    "in_vivo": 0.02677729417787752,
    "quality": 0.4894655054034645
  },
  "date_trained": "2025-10-23T20:09:51.670009"
}